ID,lookupType,code,name,description,sequence,isDefault,isActive
a1000000-0000-4000-8000-000000000001,IMPACT,HIGH,High,Widespread outage affecting many users,10,false,true
a1000000-0000-4000-8000-000000000002,IMPACT,MEDIUM,Medium,Affects a single team or department,20,true,true
a1000000-0000-4000-8000-000000000003,IMPACT,LOW,Low,Affects a single user,30,false,true
a2000000-0000-4000-8000-000000000001,URGENCY,HIGH,High,Work is completely blocked,10,false,true
a2000000-0000-4000-8000-000000000002,URGENCY,MEDIUM,Medium,Workaround exists but is slow,20,true,true
a2000000-0000-4000-8000-000000000003,URGENCY,LOW,Low,Can be scheduled for later,30,false,true
a3000000-0000-4000-8000-000000000001,PRIORITY,P1,P1 - Very High,Immediate response required,10,false,true
a3000000-0000-4000-8000-000000000002,PRIORITY,P2,P2 - High,Response within 4 hours,20,false,true
a3000000-0000-4000-8000-000000000003,PRIORITY,P3,P3 - Medium,Response within 1 business day,30,true,true
a3000000-0000-4000-8000-000000000004,PRIORITY,P4,P4 - Low,Response within 5 business days,40,false,true
a4000000-0000-4000-8000-000000000000,STATUS,DRAFT,Draft,Ticket saved but not yet submitted,5,false,true
a4000000-0000-4000-8000-000000000001,STATUS,NEW,New,Ticket has been created,10,true,true
a4000000-0000-4000-8000-000000000002,STATUS,IN_PROCESS,In Process,Being worked on by support,20,false,true
a4000000-0000-4000-8000-000000000003,STATUS,CUSTOMER_ACTION,Customer Action,Waiting on the reporter,30,false,true
a4000000-0000-4000-8000-000000000004,STATUS,SOLUTION_PROPOSED,Solution Proposed,Fix proposed awaiting confirmation,40,false,true
a4000000-0000-4000-8000-000000000005,STATUS,CONFIRMED,Confirmed,Reporter confirmed the fix,50,false,true
a4000000-0000-4000-8000-000000000006,STATUS,CLOSED,Closed,Ticket closed,60,false,true
a5000000-0000-4000-8000-000000000001,TICKETTYPE,INCIDENT,Incident,Unplanned interruption or reduction in service quality,10,true,true
a5000000-0000-4000-8000-000000000002,TICKETTYPE,SERVICE_REQUEST,Service Request,Routine request for something new to be provisioned,20,false,true
a5000000-0000-4000-8000-000000000003,TICKETTYPE,PROBLEM,Problem,Underlying cause of one or more incidents,30,false,true
a5000000-0000-4000-8000-000000000004,TICKETTYPE,CHANGE,Change,Planned addition modification or removal of a service,40,false,true
c1000000-0000-4000-8000-000000000001,SOLUTION,FIXED,Permanent Fix,Root cause resolved,10,false,true
c1000000-0000-4000-8000-000000000002,SOLUTION,WORKAROUND,Workaround Provided,Temporary measure in place,20,false,true
c1000000-0000-4000-8000-000000000003,SOLUTION,REPLACED,Hardware Replaced,Faulty part swapped out,30,false,true
c1000000-0000-4000-8000-000000000004,SOLUTION,USER_EDU,User Education,Guidance given to the user,40,false,true
c1000000-0000-4000-8000-000000000005,SOLUTION,NO_FAULT,No Fault Found,Issue could not be reproduced,50,false,true
c1000000-0000-4000-8000-000000000006,SOLUTION,DUPLICATE,Duplicate,Duplicate of another ticket,60,false,true
b1000000-0000-4000-8000-000000000001,CATEGORY1,HARDWARE,Hardware,Physical equipment,10,false,true
b1000000-0000-4000-8000-000000000002,CATEGORY1,SOFTWARE,Software,Applications and operating systems,20,false,true
b1000000-0000-4000-8000-000000000003,CATEGORY1,NETWORK,Network,Connectivity and infrastructure,30,false,true
b1000000-0000-4000-8000-000000000004,CATEGORY1,ACCESS,Access & Security,Accounts permissions and access,40,false,true
b2000000-0000-4000-8000-000000000001,CATEGORY2,LAPTOP,Laptop,Portable workstations,10,false,true
b2000000-0000-4000-8000-000000000002,CATEGORY2,DESKTOP,Desktop,Fixed workstations,20,false,true
b2000000-0000-4000-8000-000000000003,CATEGORY2,PRINTER,Printer,Printers and print services,30,false,true
b2000000-0000-4000-8000-000000000004,CATEGORY2,MONITOR,Monitor,Displays and screens,40,false,true
b2000000-0000-4000-8000-000000000005,CATEGORY2,KEYBOARD,Keyboard,Keyboards,50,false,true
b2000000-0000-4000-8000-000000000006,CATEGORY2,MOUSE,Mouse,Pointing devices,60,false,true
b2000000-0000-4000-8000-000000000007,CATEGORY2,SCANNER,Scanner,Scanning devices,70,false,true
b2000000-0000-4000-8000-000000000008,CATEGORY2,SERVER,Server,Server hardware,80,false,true
b2000000-0000-4000-8000-000000000009,CATEGORY2,STORAGE,Storage Device,Disks and external storage,90,false,true
b2000000-0000-4000-8000-000000000010,CATEGORY2,OS,Operating System,Desktop and server operating systems,10,false,true
b2000000-0000-4000-8000-000000000011,CATEGORY2,MSOFFICE,Microsoft Office,Office productivity suite,20,false,true
b2000000-0000-4000-8000-000000000012,CATEGORY2,SAP,SAP,SAP business applications,30,false,true
b2000000-0000-4000-8000-000000000013,CATEGORY2,BROWSER,Browser,Web browsers,40,false,true
b2000000-0000-4000-8000-000000000014,CATEGORY2,ANTIVIRUS,Antivirus,Endpoint protection,50,false,true
b2000000-0000-4000-8000-000000000015,CATEGORY2,DATABASE,Database,Database platforms,60,false,true
b2000000-0000-4000-8000-000000000016,CATEGORY2,DEVTOOLS,Development Tools,IDEs and developer tooling,70,false,true
b2000000-0000-4000-8000-000000000017,CATEGORY2,VPN,VPN,Remote access,10,false,true
b2000000-0000-4000-8000-000000000018,CATEGORY2,WIFI,Wi-Fi,Wireless connectivity,20,false,true
b2000000-0000-4000-8000-000000000019,CATEGORY2,LAN,LAN / Ethernet,Wired connectivity,30,false,true
b2000000-0000-4000-8000-000000000020,CATEGORY2,FIREWALL,Firewall,Perimeter security,40,false,true
b2000000-0000-4000-8000-000000000021,CATEGORY2,INTERNET,Internet Access,Outbound internet connectivity,50,false,true
b2000000-0000-4000-8000-000000000022,CATEGORY2,AD,Active Directory,Directory services,10,false,true
b2000000-0000-4000-8000-000000000023,CATEGORY2,PWD,Password Reset,Credential resets,20,false,true
b2000000-0000-4000-8000-000000000024,CATEGORY2,EMAIL_ACC,Email Account,Mailbox administration,30,false,true
b2000000-0000-4000-8000-000000000025,CATEGORY2,APP_ACCESS,Application Access,Application permissions,40,false,true
b3000000-0000-4000-8000-000000000001,CATEGORY3,WINDOWS,Windows,Microsoft Windows,10,false,true
b3000000-0000-4000-8000-000000000002,CATEGORY3,LINUX,Linux,Linux distributions,20,false,true
b3000000-0000-4000-8000-000000000003,CATEGORY3,MACOS,macOS,Apple macOS,30,false,true
b3000000-0000-4000-8000-000000000004,CATEGORY3,LT_NOT_STARTING,Not Starting,Laptop will not power on,10,false,true
b3000000-0000-4000-8000-000000000005,CATEGORY3,LT_BATTERY,Battery,Battery problems,20,false,true
b3000000-0000-4000-8000-000000000006,CATEGORY3,LT_SCREEN,Screen,Display problems,30,false,true
b3000000-0000-4000-8000-000000000007,CATEGORY3,LT_SLOW,Slow Performance,Laptop runs slowly,40,false,true
b3000000-0000-4000-8000-000000000008,CATEGORY3,DT_NOT_STARTING,Not Starting,Desktop will not power on,10,false,true
b3000000-0000-4000-8000-000000000009,CATEGORY3,DT_PERIPHERAL,Peripheral Issue,Attached device not working,20,false,true
b3000000-0000-4000-8000-000000000010,CATEGORY3,PR_JAM,Paper Jam,Paper jam,10,false,true
b3000000-0000-4000-8000-000000000011,CATEGORY3,PR_QUEUE,Print Queue,Queue stuck or stalled,20,false,true
b3000000-0000-4000-8000-000000000012,CATEGORY3,PR_TONER,Toner / Ink,Consumables,30,false,true
b3000000-0000-4000-8000-000000000013,CATEGORY3,PR_OFFLINE,Printer Offline,Printer shows offline,40,false,true
b3000000-0000-4000-8000-000000000014,CATEGORY3,SV_DOWN,Server Down,Server unreachable,10,false,true
b3000000-0000-4000-8000-000000000015,CATEGORY3,SV_DISK,Disk Full,Storage exhausted,20,false,true
b3000000-0000-4000-8000-000000000016,CATEGORY3,OFF_OUTLOOK,Outlook,Mail client,10,false,true
b3000000-0000-4000-8000-000000000017,CATEGORY3,OFF_EXCEL,Excel,Spreadsheets,20,false,true
b3000000-0000-4000-8000-000000000018,CATEGORY3,OFF_WORD,Word,Documents,30,false,true
b3000000-0000-4000-8000-000000000019,CATEGORY3,OFF_TEAMS,Teams,Collaboration,40,false,true
b3000000-0000-4000-8000-000000000020,CATEGORY3,SAP_GUI,SAP GUI,SAP desktop client,10,false,true
b3000000-0000-4000-8000-000000000021,CATEGORY3,SAP_FIORI,SAP Fiori,Fiori launchpad and apps,20,false,true
b3000000-0000-4000-8000-000000000022,CATEGORY3,SAP_AUTH,SAP Authorisation,Roles and authorisations,30,false,true
b3000000-0000-4000-8000-000000000023,CATEGORY3,BR_CHROME,Chrome,Google Chrome,10,false,true
b3000000-0000-4000-8000-000000000024,CATEGORY3,BR_EDGE,Edge,Microsoft Edge,20,false,true
b3000000-0000-4000-8000-000000000025,CATEGORY3,BR_FIREFOX,Firefox,Mozilla Firefox,30,false,true
b3000000-0000-4000-8000-000000000026,CATEGORY3,DB_HANA,SAP HANA,HANA database,10,false,true
b3000000-0000-4000-8000-000000000027,CATEGORY3,DB_SQLSERVER,SQL Server,Microsoft SQL Server,20,false,true
b3000000-0000-4000-8000-000000000028,CATEGORY3,DB_ORACLE,Oracle,Oracle database,30,false,true
b3000000-0000-4000-8000-000000000029,CATEGORY3,VPN_CONNECT,Cannot Connect,VPN will not connect,10,false,true
b3000000-0000-4000-8000-000000000030,CATEGORY3,VPN_DROP,Connection Drops,VPN disconnects intermittently,20,false,true
b3000000-0000-4000-8000-000000000031,CATEGORY3,WIFI_WEAK,Weak Signal,Poor wireless coverage,10,false,true
b3000000-0000-4000-8000-000000000032,CATEGORY3,WIFI_AUTH,Authentication Failure,Cannot authenticate to Wi-Fi,20,false,true
b3000000-0000-4000-8000-000000000033,CATEGORY3,AD_LOCKED,Account Locked,Account lockout,10,false,true
b3000000-0000-4000-8000-000000000034,CATEGORY3,AD_GROUP,Group Membership,Directory group changes,20,false,true
b3000000-0000-4000-8000-000000000035,CATEGORY3,EM_FULL,Mailbox Full,Mailbox quota exceeded,10,false,true
b3000000-0000-4000-8000-000000000036,CATEGORY3,EM_DIST,Distribution List,Distribution list changes,20,false,true
b4000000-0000-4000-8000-000000000001,CATEGORY4,WIN10,Windows 10,Windows 10 clients,10,false,true
b4000000-0000-4000-8000-000000000002,CATEGORY4,WIN11,Windows 11,Windows 11 clients,20,false,true
b4000000-0000-4000-8000-000000000003,CATEGORY4,WS2019,Windows Server 2019,Windows Server 2019,30,false,true
b4000000-0000-4000-8000-000000000004,CATEGORY4,WS2022,Windows Server 2022,Windows Server 2022,40,false,true
b4000000-0000-4000-8000-000000000005,CATEGORY4,RHEL,Red Hat Enterprise Linux,RHEL servers,10,false,true
b4000000-0000-4000-8000-000000000006,CATEGORY4,UBUNTU,Ubuntu,Ubuntu systems,20,false,true
b4000000-0000-4000-8000-000000000007,CATEGORY4,SUSE,SUSE Linux,SUSE systems,30,false,true
b4000000-0000-4000-8000-000000000008,CATEGORY4,VENTURA,macOS Ventura,macOS 13,10,false,true
b4000000-0000-4000-8000-000000000009,CATEGORY4,SONOMA,macOS Sonoma,macOS 14,20,false,true
b4000000-0000-4000-8000-000000000010,CATEGORY4,BAT_NO_CHARGE,Not Charging,Battery does not charge,10,false,true
b4000000-0000-4000-8000-000000000011,CATEGORY4,BAT_DRAIN,Drains Quickly,Battery drains rapidly,20,false,true
b4000000-0000-4000-8000-000000000012,CATEGORY4,OL_SEND,Cannot Send,Outbound mail fails,10,false,true
b4000000-0000-4000-8000-000000000013,CATEGORY4,OL_RECV,Cannot Receive,Inbound mail fails,20,false,true
b4000000-0000-4000-8000-000000000014,CATEGORY4,OL_PROFILE,Profile Corrupt,Outlook profile rebuild,30,false,true
b4000000-0000-4000-8000-000000000015,CATEGORY4,GUI_INSTALL,Installation,SAP GUI installation,10,false,true
b4000000-0000-4000-8000-000000000016,CATEGORY4,GUI_CONNECT,Connection Error,Cannot reach SAP system,20,false,true
b4000000-0000-4000-8000-000000000017,CATEGORY4,CH_CRASH,Crashes,Browser crashes,10,false,true
b4000000-0000-4000-8000-000000000018,CATEGORY4,CH_EXT,Extension Issue,Extension misbehaving,20,false,true
b4000000-0000-4000-8000-000000000019,CATEGORY4,LOCK_REPEAT,Repeated Lockout,Account locks repeatedly,10,false,true
b4000000-0000-4000-8000-000000000020,CATEGORY4,LOCK_UNLOCK,Unlock Request,One-off unlock,20,false,true
e1000000-0000-4000-8000-000000000001,WORKING_AREA,BACKEND,Backend,Server-side application logic,10,false,true
e1000000-0000-4000-8000-000000000002,WORKING_AREA,DATABASE,Database,Database and persistence layer,20,false,true
e1000000-0000-4000-8000-000000000003,WORKING_AREA,NETWORK,Network,Connectivity and infrastructure,30,false,true
e1000000-0000-4000-8000-000000000004,WORKING_AREA,APPLICATION,Application,Application / frontend layer,40,false,true
e1000000-0000-4000-8000-000000000005,WORKING_AREA,BASIS,Basis,SAP Basis / system administration,50,false,true
e2000000-0000-4000-8000-000000000001,IRT_STATUS,ON_TRACK,On Track,Within the initial response window,10,true,true
e2000000-0000-4000-8000-000000000002,IRT_STATUS,AT_RISK,At Risk,Close to breaching the initial response window,20,false,true
e2000000-0000-4000-8000-000000000003,IRT_STATUS,BREACHED,Breached,Initial response window exceeded,30,false,true
e2000000-0000-4000-8000-000000000004,IRT_STATUS,MET,Met,Initial response delivered in time,40,false,true
e3000000-0000-4000-8000-000000000001,MPT_STATUS,ON_TRACK,On Track,Within the resolution processing window,10,true,true
e3000000-0000-4000-8000-000000000002,MPT_STATUS,AT_RISK,At Risk,Close to breaching the resolution window,20,false,true
e3000000-0000-4000-8000-000000000003,MPT_STATUS,BREACHED,Breached,Resolution processing window exceeded,30,false,true
e3000000-0000-4000-8000-000000000004,MPT_STATUS,MET,Met,Resolved within the processing window,40,false,true
a4000000-0000-4000-8000-000000000007,STATUS,ASSIGNED,Assigned,Assigned to a consultant,15,false,true
a4000000-0000-4000-8000-000000000008,STATUS,PENDING,Pending,Waiting on an external dependency,25,false,true
a4000000-0000-4000-8000-000000000009,STATUS,RESOLVED,Resolved,Consultant resolved the issue,45,false,true
f4000000-0000-4000-8000-000000000001,SUBSTATUS,INVESTIGATION,Investigation,,10,false,true
f4000000-0000-4000-8000-000000000002,SUBSTATUS,DEVELOPMENT,Development,,20,false,true
f4000000-0000-4000-8000-000000000003,SUBSTATUS,TESTING,Testing,,30,false,true
f4000000-0000-4000-8000-000000000004,SUBSTATUS,WAITING_SCREENSHOT,Waiting for Screenshot,,10,false,true
f4000000-0000-4000-8000-000000000005,SUBSTATUS,WAITING_INFO,Waiting for Information,,20,false,true
f4000000-0000-4000-8000-000000000006,SUBSTATUS,WAITING_BUSINESS,Waiting for Business Confirmation,,10,false,true
f4000000-0000-4000-8000-000000000007,SUBSTATUS,WAITING_VENDOR,Waiting for Vendor,,20,false,true
f4000000-0000-4000-8000-000000000008,SUBSTATUS,FIXED,Permanent Fix,,10,false,true
f4000000-0000-4000-8000-000000000009,SUBSTATUS,WORKAROUND,Workaround Provided,,20,false,true
c2000000-0000-4000-8000-000000000001,SUPPORTTEAM,SD-L1,Service Desk L1,,10,false,true
c2000000-0000-4000-8000-000000000002,SUPPORTTEAM,SD-L2,Service Desk L2,,20,false,true
c2000000-0000-4000-8000-000000000003,SUPPORTTEAM,NET-OPS,Network Operations,,30,false,true
c2000000-0000-4000-8000-000000000004,SUPPORTTEAM,APP-SUP,Application Support,,40,false,true
c3000000-0000-4000-8000-000000000001,SYSTEM,SAP_ECC,SAP ECC,SAP ERP Central Component,10,false,
c3000000-0000-4000-8000-000000000002,SYSTEM,SAP_S4,SAP S/4HANA,SAP S/4HANA on-premise,20,false,
c3000000-0000-4000-8000-000000000003,SYSTEM,SAP_BTP,SAP BTP,SAP Business Technology Platform,30,false,
c4000000-0000-4000-8000-000000000001,SOFTWARECOMPONENT,FI,Financial Accounting,,10,false,
c4000000-0000-4000-8000-000000000002,SOFTWARECOMPONENT,MM,Materials Management,,20,false,
c4000000-0000-4000-8000-000000000003,SOFTWARECOMPONENT,SD,Sales and Distribution,,30,false,
c4000000-0000-4000-8000-000000000004,SOFTWARECOMPONENT,BASIS,SAP Basis,,40,false,
c5000000-0000-4000-8000-000000000001,CONFIGURATIONITEM,CI-0001,PROD-ERP-01,Production ERP application server,10,false,
c5000000-0000-4000-8000-000000000002,CONFIGURATIONITEM,CI-0002,PROD-DB-01,Production HANA database server,20,false,
c5000000-0000-4000-8000-000000000003,CONFIGURATIONITEM,CI-0003,CORP-NET-FW,Corporate perimeter firewall,30,false,
